refs,qty,value,mpn,mfr,footprint,status,stock,note
C11,1,1u,CGA3E1X7R1E105K080AC,TDK,Bucketmouse:C_0603_1608Metric_Boxed_2,,,"ECO-10, longevity. The fitted KEMET C0603C105K4RACTU is X7R but only 16 V; TDK's CGA is the AUTOMOTIVE (AEC-Q200) grade of the C-series at 25 V in the same 0603 x 0.90 mm body. Higher rated voltage means less capacitance lost to DC bias on every rail these sit on, and the automotive grade is screened harder. 1,435,431 in stock, $0.17 (verified 2026-08-19). NOT CHANGED, and worth saying why: the 0.1 uF line is already KEMET C0603C104K5RACTU, X7R at 50 V -- that is already the right part and churning it would buy nothing."
C18 C19 C20,3,100p,C0603C101J5GACTU,KEMET,Bucketmouse:C_0603_1608Metric_Boxed_2,,,
C1 C21 C42 C58,4,22u,GRT21BR61C226ME13K,Murata Electronics,Bucketmouse:C_0805_2012Metric_Boxed_2,,,"ECO-15. WAS GRT21BR61E226ME13L, the 25 V part, chosen for DC-bias headroom. BOTH 25 V parts in this family -- the GRT and the GRM it was itself swapped from -- read ZERO stock at Digi-Key (2026-08-20), so the earlier swap chased availability and landed on another dead line. MouseBiteLabs' own Source link buys the 16 V GRT, 8,228 in stock. The soft-termination GRT family is kept; only the voltage rating returns to his. Trade-off accepted deliberately: a 16 V X5R loses more capacitance to DC bias than a 25 V one at the same working voltage. SCOPE THE RAILS on the first build if bulk capacitance turns out to matter."
C12 C2 C23 C37 C57 C59 C60 C68,8,10u,GRT188R61E106ME13D,Murata Electronics,Bucketmouse:C_0603_1608Metric_Boxed_2,,,
C10 C13 C14 C15 C16 C17 C34 C39 C43 C5 C52 C53 C6 C7 C72 C8,16,0.1u,C0603C104K5RACTU,KEMET,Bucketmouse:C_0603_1608Metric_Boxed_2,,,
C24 C32,2,1000p,C0603C102J5GACTU,KEMET,Bucketmouse:C_0603_1608Metric_Boxed_2,,,"ECO-10 (proposed in the power review, deferred by ECO-8, applied here). X7R -> C0G. These are the Sallen-Key FEEDBACK caps -- the ones that set Q -- and their partners C26/C31 are already C0G. X7R drifts +/-15% over its range while C0G drifts +/-30ppm/degC, so a handheld warming in the hand detunes half of each filter section and no tolerance grade fixes it."
C26 C31,2,680p,GCM1885C2A681FA16D,Murata Electronics,Bucketmouse:C_0603_1608Metric_Boxed_2,,,"ECO-10. Already C0G; tolerance +/-5% -> +/-1%, and AEC-Q200. Q goes as sqrt(Cfb/Cgnd), so tightening the shunt legs tightens the alignment directly."
C27 C33,2,330p,GCM1885C2A331FA16D,Murata Electronics,Bucketmouse:C_0603_1608Metric_Boxed_2,,,"ECO-10. Same as C26/C31: C0G +/-5% -> +/-1%, AEC-Q200."
C28 C35,2,3300p,C0603C332J5GACTU,KEMET,Bucketmouse:C_0603_1608Metric_Boxed_2,,,"ECO-10. Same as C24/C32: the other feedback pair, X7R -> C0G."
C22 C25 C29 C30 C36 C38 C44 C45 C46 C47 C48 C49 C50 C51 C54 C55 C56 C69 C9,19,1u,C0603C105K4RACTU,KEMET,Bucketmouse:C_0603_1608Metric_Boxed_2,,,
C61 C80,2,3300p,C0603C332K5RACTU,KEMET,Bucketmouse:C_0603_1608Metric_Boxed_2,,,
C62 C63 C64 C74 C75 C76 C77 C78,8,0.01u,C0603C103K5RACTU,KEMET,Bucketmouse:C_0603_1608Metric_Boxed_2,,,
C70 C71,2,27p,CL10C270JB8NNNC,Samsung Electro-Mechanics,Bucketmouse:C_0603_1608Metric_Boxed_2,,,"ECO-13. A GAP IN MOUSEBITELABS' OWN BOM: C70 and C71 are fitted (not DNP) on both AGBM-01 and AGBM-02, and neither README lists them, so there is no upstream link to resolve. They are the 27 pF coupling caps on the hotkey touch-input nets -- Net-(C70-Pad1) is C70.1, R70.2, TP10.1, Z57.2 -- read off the netlist. C0G/NP0 is the right dielectric for a coupling cap whose value is the point. CHOSEN AGAINST THE FAMILIES THIS BOARD OTHERWISE USES, and here is why not: TDK's CGA3E2C0G1H270J080AA is the AEC-Q200 part that would match ECO-10's decoupling choice, but Mouser shows 8 in stock; Murata's GCM1885C1H270JA16D and GRM1885C1H270JA01D are both flagged Not Recommended for New Designs; TDK's C1608C0G1H270J080AA is Obsolete. The Samsung part is active with 174,716 at Mouser, $0.13 (Mouser figures, verified 2026-08-19 -- Digi-Key was rate-limiting during this lookup and reported nothing, which means UNKNOWN, not unavailable)."
C73 C79,2,0.01u,CGA3E2X7R1H103K080AA,TDK,Bucketmouse:C_0603_1608Metric_Boxed_2,,,"ECO-13. TPS63802 feedforward caps. TDK CGA -- the automotive-qualified grade of the C-series, X7R 50 V, matching the family ECO-10 chose for the decoupling so the board stays on as few dielectric systems as possible."
CP1 CP2 CP3,3,100u,TPSB107M010R0400,KYOCERA AVX,Bucketmouse:C_1210_3225Metric_Boxed_2,,,"POLARIZED part on a footprint named C_1210_3225Metric with no polarity marking; land is 4.10 x 2.70 mm. Placement-orientation risk for machine assembly. -- ECO-15. WAS TPSB107K010R0400 (+/-10%). That part had FIVE units in stock at Digi-Key and none at Mouser (2026-08-20) and this board needs three. Nothing recorded why the tighter tolerance was chosen, and nothing needs +/-10% on a 100 uF audio-rail bulk tantalum. MouseBiteLabs' own Source link buys the +/-20% part, which has 31,360 in stock. Reverted to his choice."
D1 D2,2,1SS355VMTE-17,1SS355VMTE-17,Rohm,Bucketmouse:D_SOD-323F,,,"Schematic Description calls it a Schottky. It is not, and 100 mA is far under a reverse-battery clamp duty."
DL1,1,150060GS75000,150060GS75000,Wurth Elektronik,Bucketmouse:LED_0603_1608Metric_Pad1.05x0.95mm_HandSolder,,,"ECO-8: replaces 150060VS75000 (AlInGaP, 570 nm, 12-40 mcd). Identical body and identical recommended land pattern 0.8/0.8/2.4 mm, same polarity (pin 1 = K). With R25 = 22k it runs at 0.124 mA and is brighter than the incumbent is today at 0.93 mA."
DL2,1,150060RS75000,150060RS75000,Wurth Elektronik,Bucketmouse:LED_0603_1608Metric_Pad1.05x0.95mm_HandSolder,,,
EM1 EM2,2,ACM2520-801-3P-T002,ACM2520-801-3P-T002,TDK,Bucketmouse:L_CommonModeChoke_TDK_ACM2520-3P,,,
EM3 EM7,2,MH1608-601Y,MH1608-601Y,Bourns,Bucketmouse:L_0603_1608Metric,,,
F1,1,F0805B2R00FSTR,F0805B2R00FSTR,KYOCERA AVX,Bucketmouse:Fuse_0805_2012Metric,,,"ECO-8: PCB Value corrected from the stale ""0467001.NR"" (a Littelfuse 467-series 0603 1 A fuse) to match the schematic. No electrical change."
L1 L2,2,0.47uH,CIGT201610EHR47MNE,Samsung Electro-Mechanics,Bucketmouse:L_Taiyo-Yuden_NR-20xx_HandSoldering,,,"ECO-13. The TPS63802 inductors, named outright in the AGBM-02 README's own Description column rather than left to a generic value. 470 nH shielded thin film, 4.8 A, 22 mOhm max, 0806. $0.21, 672,450 in stock, verified 2026-08-19."
P2,1,FFC CONNECTOR,62684-402100ALF,Amphenol ICC (FCI),Bucketmouse:AGB-FFC-Connector,,,
PTC1,1,0805L110SLYR,0805L110SLYR,Littelfuse,Bucketmouse:Fuse_0805_2012Metric,,,"ECO-8: replaces 0805L075SLYR. Fitted part derates to 0.55 A hold at 40 C and 0.40 A at 60 C, below the realistic worst-case 585 mA input current."
Q1,1,2N3904,MMBT3904LT1G,onsemi,Bucketmouse:SOT-23,,,
Q10 Q9,2,FDC6301N,FDC6301N,onsemi,Bucketmouse:TSOT-23-6,,,"ECO-11. NDC7002N VGS(th) is 1.0/1.9/2.5 V max and Q10A must sink ~14 uA through the TPS3840's 100 kOhm internal MR pull-up at VGS ~= 2.0 V, Q10B runs at 0.990 x SW, and Q9B opens the low-battery LED at /D1A ~= 3.0 V. A worst-case part is at or below threshold in all three, so the brownout latch may never arm and the low-battery LED may never light -- invisibly, since the console works normally until the protection was meant to act. FDC6301N is 0.65/0.85/1.5 V max on the identical SUPERSOT-6 land with the same pin assignment, giving >=0.5 V of worst-case overdrive everywhere. Its asymmetric -0.5 V gate rating is covered by its own integrated gate-source Zener ('>6 kV HBM'), whose clamp current at Q10A's power-up excursion is set by R16 -- which ECO-8 had already raised from 10k to 100k, making it 25 uA. Headroom: 25 V / 0.22 A against 5.0 V and <=165 uA."
Q2 Q5 Q7,3,NDC7002N,NDC7002N,onsemi,Bucketmouse:TSOT-23-6,,,"VGS(th) max 2.5 V with no RDS(on) spec below VGS = 4.5 V. Fine for Q2/Q5/Q7, whose gates are driven to 3.23-5.0 V. Q9 and Q10 moved to the FDC6301N by ECO-11 because their gate drive is BELOW this threshold -- see that document."
Q3,1,2N3906,MMBT3906LT1G,onsemi,Bucketmouse:SOT-23,,,
Q6 Q8,2,2N7002,2N7002,onsemi,Bucketmouse:SOT-23,,,
R1,1,1.5M,RC0603FR-071M5L,YAGEO,Bucketmouse:R_0603_1608Metric_Boxed,,,
R19 R20,2,1k,RC0603FR-071KL,YAGEO,Bucketmouse:R_0603_1608Metric_Boxed,,,
R10 R56 R57,3,20k,RC0603FR-0720KL,YAGEO,Bucketmouse:R_0603_1608Metric_Boxed,,,
R11 R18 R2,3,10k,RC0603FR-0710KL,YAGEO,Bucketmouse:R_0603_1608Metric_Boxed,,,"ECO-8: replaces 1k. Cuts the post-brownout latched-off drain from 2.40 mA to 240 uA. Must be paired with R24 = 1M, otherwise /EN falls from 0.990 x SW to 0.909 x SW and Q10B's already-marginal gate drive gets worse."
R12 R13 R14 R15 R16 R17 R30 R31 R35 R37 R45 R46 R49 R5 R50 R6 R66 R67 R68 R7 R8 R9,22,100k,RC0603FR-07100KL,YAGEO,Bucketmouse:R_0603_1608Metric_Boxed,,,
R24,1,1M,RC0603FR-071ML,YAGEO,Bucketmouse:R_0603_1608Metric_Boxed,,,"ECO-8: replaces 100k. Restores the /EN divider ratio alongside R11 = 10k. Verified against the LTC3527 SHDN input current (1 uA typ / 2 uA max): /EN = 2.356 V at SW = 2.4 V and 1.762 V at SW = 1.8 V, both far above the 0.88 V VIH."
R25,1,22k,RC0603FR-0722KL,YAGEO,Bucketmouse:R_0603_1608Metric_Boxed,,,ECO-8: replaces 3.3k. Pairs with the DL1 swap.
R26,1,33k,RC0603FR-1033KL,YAGEO,Bucketmouse:R_0603_1608Metric_Boxed,,,"ECO-15. WAS RC0603FR-0733KL, the moisture-resistant variant, at ZERO stock (2026-08-20). MouseBiteLabs' link buys RC0603FR-1033KL, 25,665 in stock. Electrically identical 33k 1% 0.1W 0603; the -07/-10/-13 field is Yageo's internal spec code, and only -07 and -13 are the moisture-resistant grade. Nothing on this board needs 85/85 grade on R26, so his part is taken."
R29,1,18k,RC0603FR-0718KL,YAGEO,Bucketmouse:R_0603_1608Metric_Boxed,,,"ECO-13. The /RESET RC with C30. Generic value, resolved from the AGBM-02 README."
R36,1,270,RC0603FR-07270RL,YAGEO,Bucketmouse:R_0603_1608Metric_Boxed,,,
R38 R39,2,47,RC0603FR-0747RL,YAGEO,Bucketmouse:R_0603_1608Metric_Boxed,,,
R3 R34 R53 R58,4,5.1k,RG1608P-512-B-T5,Susumu,Bucketmouse:R_0603_1608Metric_Boxed,,,"ECO-12, the wiki audit. The schematic-vs-PCB conflict is SETTLED: the PCB annotation was stale. MouseBiteLabs' AGBM-02 -- the same AA design one revision later, identical supervisor circuit -- carries 5.1k/33k/200k in its own PCB file, and so do the AGBM-01 schematic, the AGBM-01 README BOM and the AGBM-02 README BOM. The wiki then states the resulting thresholds outright (""The low battery LED turns on when the voltage passes 2.3V ... begins blinking when the voltage passes 2.1V"") and the AGBM-01 build guide's Test 4 sweeps 2 V to 3 V expecting the green-to-red change at 2.3 V. 5.1k/33k puts it at 2.309 V; 1k/10k puts it at 2.200 V. R3 is U10's top leg. Value corrected 1k -> 5.1k, and it now takes the SAME part as R58 -- U17's top leg -- so both AA supervisor dividers run on one film system. Susumu RG1608: 0.1%, +/-25 ppm, anti-sulfur, AEC-Q200. Anti-sulfur matters here specifically: this divider hangs off SW, inches from two AA cells, and sulfur creep is how a thick-film chip resistor goes open. $0.10, 141,038 in stock, verified 2026-08-19."
R4,1,33k,RG1608P-333-B-T5,Susumu,Bucketmouse:R_0603_1608Metric_Boxed,,,"ECO-12, the wiki audit. The schematic-vs-PCB conflict is SETTLED: the PCB annotation was stale. MouseBiteLabs' AGBM-02 -- the same AA design one revision later, identical supervisor circuit -- carries 5.1k/33k/200k in its own PCB file, and so do the AGBM-01 schematic, the AGBM-01 README BOM and the AGBM-02 README BOM. The wiki then states the resulting thresholds outright (""The low battery LED turns on when the voltage passes 2.3V ... begins blinking when the voltage passes 2.1V"") and the AGBM-01 build guide's Test 4 sweeps 2 V to 3 V expecting the green-to-red change at 2.3 V. 5.1k/33k puts it at 2.309 V; 1k/10k puts it at 2.200 V. R4 is U10's bottom leg. Value corrected 10k -> 33k. Same Susumu RG1608 film as R3 so the RATIO -- which is the whole quantity that sets the trip point -- tracks instead of drifting on two independent films. 0.1% +/-25 ppm against the previous 1% +/-100 ppm takes the trip-point spread from about +/-21 mV to +/-2 mV, which on Nick's own battery curves is the difference between a few minutes of the 20-60 minute low-battery warning and none of it. $0.10, 18,495 in stock, verified 2026-08-19."
R41,1,2.2k,RC0603FR-072K2L,YAGEO,Bucketmouse:R_0603_1608Metric_Boxed,,,
R42 R51,2,7.5k,RG1608P-752-B-T5,Susumu,Bucketmouse:R_0603_1608Metric_Boxed,,,"ECO-10, audio precision. These set f0 and Q of the 4th-order Butterworth reconstruction filter (15.84 kHz per channel). 1% +/-100ppm thick film -> 0.1% +/-25ppm thin film. Susumu RG1608 covers every value in the filter, so the whole network is ONE film system and the ratios that set Q track each other instead of drifting independently. ~$0.11 a part."
R47 R52,2,20k,RG1608P-203-B-T5,Susumu,Bucketmouse:R_0603_1608Metric_Boxed,,,"ECO-10, audio precision. These set f0 and Q of the 4th-order Butterworth reconstruction filter (15.84 kHz per channel). 1% +/-100ppm thick film -> 0.1% +/-25ppm thin film. Susumu RG1608 covers every value in the filter, so the whole network is ONE film system and the ratios that set Q track each other instead of drifting independently. ~$0.11 a part."
R48 R54,2,18k,RG1608P-183-B-T5,Susumu,Bucketmouse:R_0603_1608Metric_Boxed,,,"ECO-10, audio precision. These set f0 and Q of the 4th-order Butterworth reconstruction filter (15.84 kHz per channel). 1% +/-100ppm thick film -> 0.1% +/-25ppm thin film. Susumu RG1608 covers every value in the filter, so the whole network is ONE film system and the ratios that set Q track each other instead of drifting independently. ~$0.11 a part."
R40 R43 R44,3,15,RC0603FR-1315RL,YAGEO,Bucketmouse:R_0603_1608Metric_Boxed,,,
R59,1,820k,RC0603FR-07820KL,YAGEO,Bucketmouse:R_0603_1608Metric_Boxed,,,"ECO-13. VOUT5 feedback top leg on U5. Left at 1% deliberately -- see ECO-13 section 13.7, which records the precision question as an OPEN follow-up rather than answering it blind: the argument that justified 0.1% on the LTC3527 was that converter's specified 50 nA feedback input current, and this fork has not read the equivalent number for the TPS63802."
R63,1,100k,RG1608P-104-B-T5,Susumu,Bucketmouse:R_0603_1608Metric_Boxed,,,"ECO-12. U17's lower divider leg. ECO-10 upgraded it to 0.1% but left it on YAGEO RT0603 while its partner R58 went to Susumu RG1608 -- a divider split across two film systems, which is the one thing ECO-10's own reasoning says not to do, since only the RATIO sets the trip point. Now both legs are Susumu RG1608 (0.1%, +/-25 ppm, anti-sulfur, AEC-Q200), matching what R3/R4 do for U10. $0.11, 488,743 in stock, verified 2026-08-19. R55 keeps RT0603BRD07100KL: it is the VOUT3 bottom leg and belongs to the all-YAGEO LTC3527 pair."
R64,1,200k,RC0603FR-07200KL,YAGEO,Bucketmouse:R_0603_1608Metric_Boxed,,,"Only 5,187 in stock at Digi-Key (2026-08-20) against MouseBiteLabs' RC0603FR-13200KL at 82,572. Ours is the moisture-resistant grade and his is not; 5,187 covers any realistic build of this board, so ours is kept -- but check it before a batch order. -- ECO-12, the wiki audit. The schematic-vs-PCB conflict is SETTLED: the PCB annotation was stale. MouseBiteLabs' AGBM-02 -- the same AA design one revision later, identical supervisor circuit -- carries 5.1k/33k/200k in its own PCB file, and so do the AGBM-01 schematic, the AGBM-01 README BOM and the AGBM-02 README BOM. The wiki then states the resulting thresholds outright (""The low battery LED turns on when the voltage passes 2.3V ... begins blinking when the voltage passes 2.1V"") and the AGBM-01 build guide's Test 4 sweeps 2 V to 3 V expecting the green-to-red change at 2.3 V. 5.1k/33k puts it at 2.309 V; 1k/10k puts it at 2.200 V. R64 is not a divider leg -- it is the 555's timing resistor, and with C44 = 1 uF it sets the critical-battery blink rate: 200k gives 3.6 Hz, the 100k annotation gives 7.2 Hz. Value corrected 100k -> 200k, buying exactly the part the upstream schematic's own Digi-Key link buys. DELIBERATELY LEFT AT 1%: a blink rate does not need 0.1%, and buying precision where it buys nothing is waste -- the same rule that deferred all three of these in ECO-10."
R65,1,470k,RC0603FR-07470KL,YAGEO,Bucketmouse:R_0603_1608Metric_Boxed,,,"ECO-8: replaces 100k on the MIC1553 CS pull-up. 470k not the 1M the review proposed: the MIC1553 datasheet gives no numeric CS leakage spec and warns that a floating CS is unpredictable, and the worst-case CS-high threshold is 0.72 x VS = 3.61 V, not the nominal 2/3."
R60 R73,2,91k,RC0603FR-0791KL,YAGEO,Bucketmouse:R_0603_1608Metric_Boxed,,,"ECO-13. Both TPS63802 feedback bottom legs. 1%, see R59."
R72,1,510k,RC0603FR-07510KL,YAGEO,Bucketmouse:R_0603_1608Metric_Boxed,,,"ECO-13. VOUT3 feedback top leg on U13. 1%, see R59."
RA1,1,330,EXB-V8V331JV,Panasonic,Bucketmouse:R_Array_Convex_4x0603,,,
SW1,1,CSS-1310B,CSS-1310TB,Nidec Components,Bucketmouse:AGB-Switch_CSS-1X10B_Uncentered,,,Schematic value 'CSS-1310B' is an incomplete ordering code. The orderable part is CSS-1310TB.
U14,1,MIC1553,MIC1553YM5-TR,Microchip,Bucketmouse:SOT-23-5,,,"Confirms this is an oscillator, not a power switch -- the MIC1553 is an IttyBitty RC 555-type astable. It drives the low-battery LED blink."
U15,1,SN74LVC1G332,SN74LVC1G332DBVR,Texas Instruments,Bucketmouse:TSOT-23-6,,,
U16,1,SN74HC02PWR,SN74HC02PWR,Texas Instruments,Bucketmouse:TSSOP-14_4.4x5mm_P0.65mm,,,
U13 U5,2,TPS63802,TPS63802DLAR,Texas Instruments,Bucketmouse:VREG_TPS63802DLAR,,,"ECO-13. AGBM-02's main converters -- twin buck-boost, replacing the AGBM-01's single LTC3527. MouseBiteLabs' own measured idle is 141 mW against AGBM-01's 170 mW. U13 makes VOUT3 (R72/R73 on Net-(U13-FB)), U5 makes VOUT5 (R59/R60 on Net-(U5-FB)), both read off the netlist rather than assumed. $2.83 each, 12,217 in stock, verified 2026-08-19."
U10 U17 U3,3,TPS3840DL20,TPS3840DL20DBVR,Texas Instruments,Bucketmouse:SOT-23-5,,,
U11 U12 U18,3,TPS22917DBV,TPS22917DBVR,Texas Instruments,Bucketmouse:TSOT-23-6,,,"TPS22917DBVT is the same die on a different reel; see `alternate`. Which of the two to order is a stock question, not an engineering one."
U2,1,AGB-SRAM,CY62157EV30LL-45ZXIT,Infineon Technologies,Bucketmouse:AGB-SRAM_2,,,"ECO-13, and the reason this repository exists. On the AGBM-01 base U2 was a salvaged AGB-SRAM off a donor console, and ECO-5 was OUR unverified attempt to let a new part stand in for it. AGBM-02 carries MouseBiteLabs' own dual land, so this is simply an ORDERABLE PART: the machine buys it and places it, and a build needs exactly one chip off a donor -- the CPU. His Required Parts page: ""For the AGBM-02 and AGBM-12, you *only* need the CPU."" Tape-and-reel suffix chosen over the tube part for machine placement. 8 Mbit 512K x 16 async SRAM, 45 ns, 48-TSOP I. TWO HAND STEPS COME WITH IT and no assembly line does either: bridge JP2 (U2 pin 17 MA17 to GND) and JP3 (pin 47 /BYTE to VDD2 for x16 word mode). Leave BOTH open if you fit a salvaged OEM AGB-SRAM instead -- the land still accepts it, and then this line comes off the BOM. $10.85, 1,695 in stock, verified 2026-08-19."
U4 U8,2,NCV8164ASN250T1G,NCV8164ASN250T1G,onsemi,Bucketmouse:SOT-23-5,,,
U6,1,LM4853,LM4853MM/NOPB,Texas Instruments,Bucketmouse:MSOP-10_3x3mm_P0.5mm,,,
U7,1,TLV9064IPWR,TLV9064IPWR,Texas Instruments,Bucketmouse:TSSOP-14_4.4x5mm_P0.65mm,,,"ECO-8: replaces TLV9364QPWRQ1, which is specified 4.5 V to 40 V and was fitted on the 2.5 V VAUD rail with its inputs 0.75 V above the common-mode ceiling. Pin-for-pin identical on the 14-pin TSSOP land. Cheaper than the part it replaces."
U9,1,SN74LVC2G34DBVR,SN74LVC2G34DBVR,Texas Instruments,Bucketmouse:TSOT-23-6,,,
VR1,1,50k,3313J-2-503E,Bourns,Bucketmouse:3313J-2,,,
Z57 Z58,2,100p or 0 ohm,C0603C101J5GACTU,KEMET,Bucketmouse:C_0603_1608Metric_Boxed_2,,,
